{
	"pageNo":1,
	"pageSize":15,
	"totalPage":1,
	"total":4,
	"datas":[{
		"id":1,
		"user": {
			"id":1,
			"name":"管理员"
		},
		"op": "添加用户",
		"ip": "192.168.1.1",
		"createDate": "2022-05-04 01:01:01",
		"msg": "添加用户汪汪汪",
		"description": ""
	},{
		"id":2,
		"user": {
			"id":1,
			"name":"管理员"
		},
		"op": "添加用户",
		"ip": "192.168.1.1",
		"createDate": "2022-05-04 01:01:01",
		"msg": "添加用户汪汪汪",
		"description": ""
	}]
	
}