[{
	"id": 1,
	"name": "首页",
	"icon":"House",
	"url": "Index",
	"childrens": []
}, {
	"id": 2,
	"name": "新闻咨询",
	"icon": "List",
	"url": "News",
	"childrens": []
}, {
	"id": 3,
	"name": "访问记录",
	"icon": "View",
	"url": "Record",
	"childrens": []
}, {
	"id": 4,
	"name": "内容管理",
	"icon": "TakeawayBox",
	"url": "",
	"childrens": [{
		"id": 41,
		"name": "公司介绍",
		"icon": "Tickets",
		"url": "About"
	},{
		"id": 42,
		"name": "团队管理",
		"icon": "UserFilled",
		"url": "Team"
	},{
		"id": 43,
		"name": "成功案例",
		"icon": "Avatar",
		"url": "Case"
	},{
		"id": 44,
		"name": "友情链接",
		"icon": "Connection",
		"url": "Links"
	},{
		"id": 45,
		"name": "招聘信息",
		"icon": "Dessert",
		"url": "Job"
	}]
}, {
	"id": 5,
	"name": "系统配置",
	"icon": "Setting",
	"url": "",
	"childrens": [{
		"id": 51,
		"name": "用户管理",
		"icon": "User",
		"url": "User"
	},{
		"id": 52,
		"name": "角色管理",
		"icon": "Open",
		"url": "Role"
	},{
		"id": 53,
		"name": "菜单管理",
		"icon": "Operation",
		"url": "MenuPage"
	},{
		"id": 54,
		"name": "日志管理",
		"icon": "Postcard",
		"url": "Log"
	},{
		"id": 55,
		"name": "数据字典",
		"icon": "SetUp",
		"url": "Dict"
	},{
		"id": 56,
		"name": "系统设置",
		"icon": "Setting",
		"url": "Setting"
	}]
}]
