{
	"pageNo":1,
	"pageSize":15,
	"totalPage":1,
	"total":4,
	"datas":[{
		"id":1,
		"title": "清明节的由来 舌尖上的清明",
		"subtitle": "清明节的由来 舌尖上的清明",
		"icon": "/src/assets/1.jpeg",
		"user": {
			"id": 1,
			"name": "管理员"
		},
		"createDate": 1649085550215,
		"status": "1",
		"viewcount":1,
		"content": "这里时新闻正文内容",
		"description": ""
	},{
		"id":2,
		"title": "张三",
		"subtitle": "清明节的由来 舌尖上的清明",
		"icon": "/src/assets/1.jpeg",
		"user": {
			"id": 1,
			"name": "管理员"
		},
		"createDate": 1649085550215,
		"status": "2",
		"viewcount":1,
		"content": "这里时新闻正文内容",
		"description": ""
	},{
		"id":3,
		"title": "李四",
		"subtitle": "清明节的由来 舌尖上的清明",
		"icon": "/src/assets/1.jpeg",
		"user": {
			"id": 1,
			"name": "管理员"
		},
		"createDate": 1649085550215,
		"status": "3",
		"viewcount":1,
		"content": "这里时新闻正文内容",
		"description": ""
	},{
		"id":4,
		"title": "王五",
		"subtitle": "清明节的由来 舌尖上的清明",
		"icon": "/src/assets/1.jpeg",
		"user": {
			"id": 1,
			"name": "管理员"
		},
		"createDate": 1649085550215,
		"status": "4",
		"viewcount":1,
		"content": "这里时新闻正文内容",
		"description": ""
	}]
	
}