{
	"pageNo":1,
	"pageSize":15,
	"totalPage":1,
	"total":4,
	"datas":[{
		"id":1,
		"ip": "192.168.1.1",
		"page": "新闻资讯",
		"createDate": 1649085550215,
		"description": ""
	},{
		"id":2,
		"ip": "192.168.1.1",
		"page": "新闻资讯",
		"createDate": 1649085550215,
		"description": ""
	},{
		"id":3,
		"ip": "192.168.1.1",
		"page": "新闻资讯",
		"createDate": 1649085550215,
		"description": ""
	},{
		"id":4,
		"ip": "192.168.1.1",
		"page": "新闻资讯",
		"createDate": 1649085550215,
		"description": ""
	}]
	
}